id,date
1,2022-01-01 10:00:00
2,2022-01-02 11:00:00
3,2022-01-02 14:00:00
4,2022-01-03 12:00:00
5,2022-01-03 18:00:00
6,2022-01-05 16:00:00
7,2022-01-05 19:00:00
8,2022-01-06 10:00:00
9,2022-01-07 13:00:00
10,2022-01-08 15:00:00
11,2022-01-09 17:00:00
12,2022-01-10 12:00:00
13,2022-01-11 13:00:00
14,2022-01-12 10:00:00
15,2022-01-13 11:00:00
16,2022-01-13 14:00:00
17,2022-01-14 12:00:00
18,2022-01-15 18:00:00
19,2022-01-16 16:00:00
20,2022-01-17 19:00:00
21,2022-01-18 10:00:00
22,2022-01-19 13:00:00
23,2022-01-20 15:00:00
24,2022-01-21 17:00:00
25,2022-01-22 12:00:00
26,2022-01-23 13:00:00
